nombre,apellido,direccion,email
Shanta,Sprackling,3 Darwin Pass,ssprackling0@dagondesign.com
Abraham,Baile,57326 Blackbird Junction,abaile1@dropbox.com
Natala,Van Der Hoog,369 Commercial Street,nvanderhoog2@fotki.com
Abagael,Shaxby,21 Maywood Hill,ashaxby3@amazon.com
Jedediah,Sawyers,1 Hovde Alley,jsawyers4@reddit.com
Gearalt,Victoria,9231 Mcguire Plaza,gvictoria5@dell.com
Vina,Blitzer,0492 Washington Alley,vblitzer6@skyrock.com
Sally,Murrey,70 Vidon Way,smurrey7@live.com
Gian,Callen,8786 Russell Pass,gcallen8@bloglovin.com
Mandie,Gallichiccio,366 Barby Terrace,mgallichiccio9@indiatimes.com
Jephthah,Elsegood,8 Iowa Court,jelsegooda@seattletimes.com
Jamima,Griffoen,436 Monterey Road,jgriffoenb@soundcloud.com
Loren,Jerg,53491 Westend Crossing,ljergc@xinhuanet.com
Costanza,Adamiak,8 Eastlawn Junction,cadamiakd@who.int
Rebecka,Alvarez,46519 International Drive,ralvareze@un.org
Mariel,McGillicuddy,1 Amoth Terrace,mmcgillicuddyf@sun.com
Dalia,Chaperlin,6 Goodland Park,dchaperling@businessweek.com
Alice,Vaggers,3 Independence Circle,avaggersh@zdnet.com
Edsel,Doorey,6 Graedel Center,edooreyi@fema.gov
Katharine,MacKeever,868 Buena Vista Drive,kmackeeverj@usnews.com
Alameda,Hutcheon,24 Maywood Crossing,ahutcheonk@typepad.com
Constantine,Millsap,66 Pearson Street,cmillsapl@amazon.com
Rodolfo,De Beauchemp,2 Valley Edge Point,rdebeauchempm@1688.com
Derby,McMorran,68 Lien Court,dmcmorrann@boston.com
Tiphany,Bromby,0 Welch Plaza,tbrombyo@auda.org.au
Philippe,Guard,32119 Barby Street,pguardp@howstuffworks.com
Cosetta,Tointon,9883 Iowa Street,ctointonq@dmoz.org
Noland,Halward,2520 Melvin Way,nhalwardr@twitter.com
Jonathan,Hemphrey,45603 Burrows Avenue,jhemphreys@irs.gov
Lavinie,Bentz,801 Ronald Regan Drive,lbentzt@icq.com
Ardenia,Crohan,6 Blackbird Circle,acrohanu@kickstarter.com
Dunc,Gilardengo,84947 Transport Plaza,dgilardengov@washingtonpost.com
Berte,Nickoles,7533 Maryland Plaza,bnickolesw@loc.gov
Klarika,Pemble,6506 Summit Pass,kpemblex@cbslocal.com
Gav,Mcmanaman,6 Crescent Oaks Pass,gmcmanamany@blog.com
Carver,March,324 Gateway Point,cmarchz@jalbum.net
Garv,McDermid,517 Saint Paul Lane,gmcdermid10@state.tx.us
Madelene,Pasfield,4 Mockingbird Terrace,mpasfield11@sfgate.com
Horst,Chapling,1559 Mcbride Crossing,hchapling12@creativecommons.org
Grenville,Bacop,63970 Graceland Drive,gbacop13@webs.com
Antonella,MacNeilage,5 Loftsgordon Parkway,amacneilage14@yelp.com
Bridgette,Mullen,1 Hanover Court,bmullen15@jigsy.com
Raffaello,Larderot,7415 Hermina Lane,rlarderot16@newsvine.com
Mira,Bravington,8 Meadow Vale Circle,mbravington17@mtv.com
Junette,Habbershon,66 Sage Plaza,jhabbershon18@pagesperso-orange.fr
Ivie,Start,370 Porter Hill,istart19@prnewswire.com
Joella,Duesbury,8 Schlimgen Avenue,jduesbury1a@artisteer.com
Carma,Breheny,01 Forest Place,cbreheny1b@hatena.ne.jp
Con,McClounan,92 Meadow Vale Alley,cmcclounan1c@hhs.gov
Olwen,Trussell,314 Corscot Junction,otrussell1d@jigsy.com
Pet,Colrein,0 Packers Place,pcolrein1e@mit.edu
Shaughn,Feehan,6337 Swallow Junction,sfeehan1f@oakley.com
Delcine,Brum,287 Miller Parkway,dbrum1g@constantcontact.com
Jeanie,Killimister,79 Butterfield Plaza,jkillimister1h@bravesites.com
Benjy,Scoles,39 Manley Way,bscoles1i@biblegateway.com
Zelda,Runnacles,850 Arapahoe Terrace,zrunnacles1j@youtu.be
Fiann,Pringley,90 Hagan Alley,fpringley1k@tripod.com
Bo,MacKeeg,893 1st Plaza,bmackeeg1l@flavors.me
Morgana,Shillingford,457 Lawn Trail,mshillingford1m@yellowpages.com
Jedd,Aberhart,283 Morning Drive,jaberhart1n@house.gov
Creighton,Slora,1924 Emmet Circle,cslora1o@nymag.com
Rosemaria,Hitter,107 Clove Park,rhitter1p@umn.edu
Genvieve,de Zamora,154 Tennyson Trail,gdezamora1q@ycombinator.com
Rutger,Page,22309 Melby Plaza,rpage1r@nbcnews.com
Hasheem,Filyukov,66 Grim Crossing,hfilyukov1s@bluehost.com
Ainslie,Sprowles,377 Hanover Plaza,asprowles1t@army.mil
Conway,Twitty,36 Burrows Crossing,ctwitty1u@rediff.com
Olva,Bartholomieu,3604 Village Green Park,obartholomieu1v@scientificamerican.com
Clementina,Maddra,37 Upham Road,cmaddra1w@amazon.de
Dale,Kowalik,0767 Continental Court,dkowalik1x@walmart.com
Randie,Helis,94451 Hoard Alley,rhelis1y@berkeley.edu
Isabella,Eaton,2 Schiller Junction,ieaton1z@aboutads.info
Jeffrey,Eland,146 2nd Avenue,jeland20@wp.com
Obediah,Westbury,16 Eastlawn Terrace,owestbury21@biblegateway.com
Gabie,Lindenboim,10182 Dwight Point,glindenboim22@baidu.com
Jaimie,Klementz,3984 Heath Point,jklementz23@technorati.com
Duffy,Arbor,583 Delladonna Street,darbor24@weebly.com
Anabella,Ravenscroft,7 Pond Center,aravenscroft25@sourceforge.net
Chester,Peddar,50516 John Wall Plaza,cpeddar26@biglobe.ne.jp
Fern,Chavey,6 Twin Pines Court,fchavey27@un.org
Sawyer,McGriele,3894 Butternut Alley,smcgriele28@sina.com.cn
Dasha,Polland,5 Northwestern Crossing,dpolland29@behance.net
Frans,Titmuss,5448 Hollow Ridge Drive,ftitmuss2a@macromedia.com
Valenka,Bedrosian,6 Forest Avenue,vbedrosian2b@hostgator.com
Valle,Wilflinger,40 Mifflin Trail,vwilflinger2c@addthis.com
Gregoor,Tiernan,33 Swallow Park,gtiernan2d@hp.com
Jonell,Attle,89137 Springs Drive,jattle2e@hao123.com
Fenelia,Hume,7910 Elgar Place,fhume2f@clickbank.net
Teresa,Congreave,1 Granby Park,tcongreave2g@typepad.com
Briana,Bloxam,1081 Dunning Trail,bbloxam2h@salon.com
Romola,Dearle,5640 Hudson Alley,rdearle2i@illinois.edu
Adriane,Benit,47 Coolidge Terrace,abenit2j@facebook.com
Bennie,Ortells,85540 8th Street,bortells2k@php.net
Koralle,Stribbling,63363 Toban Place,kstribbling2l@qq.com
Corrianne,Kellick,01882 Duke Circle,ckellick2m@liveinternet.ru
Darleen,Hawgood,978 Pond Way,dhawgood2n@usa.gov
Jeanelle,Hayhurst,17 Bartelt Parkway,jhayhurst2o@timesonline.co.uk
Rock,Stuchburie,0 Vidon Court,rstuchburie2p@dropbox.com
Traci,Bonnick,30 Fulton Place,tbonnick2q@pagesperso-orange.fr
Dun,Beall,44934 Kinsman Place,dbeall2r@wisc.edu
