nombre,apellido,direccion,email
Fair,Brea,298 Northview Place,fbrea0@samsung.com
Carlye,Burnell,22164 Victoria Lane,cburnell1@rambler.ru
Keeley,Loukes,7 8th Circle,kloukes2@123-reg.co.uk
Allyson,Rosenthal,5541 Katie Pass,arosenthal3@geocities.com
Binni,Tolliday,47542 Nova Way,btolliday4@wunderground.com
Allison,Gindghill,20 Oneill Point,agindghill5@theatlantic.com
Devina,Warnes,9 Esch Road,dwarnes6@prnewswire.com
Staford,Eberst,796 Jenifer Drive,seberst7@nsw.gov.au
Kacy,Weld,77498 Delladonna Avenue,kweld8@mail.ru
Alfi,Cowely,57577 Swallow Court,acowely9@flavors.me
Hamilton,Lydall,360 Scofield Center,hlydalla@discovery.com
Janaya,Rarity,31 Village Green Road,jrarityb@technorati.com
Birk,Smalcombe,83 Hoard Point,bsmalcombec@mapy.cz
Dulcinea,Carnegy,91 Nancy Alley,dcarnegyd@example.com
Van,Stearne,9 Hansons Road,vstearnee@google.co.uk
Kenon,Hance,3 International Street,khancef@google.fr
Erika,Overall,7646 Fuller Center,eoverallg@xing.com
Alecia,Fyall,980 Village Green Park,afyallh@cnn.com
Jackquelin,Whiteley,328 Fair Oaks Center,jwhiteleyi@usa.gov
Ermentrude,Liversley,0 Namekagon Way,eliversleyj@usa.gov
Sterling,Jeyness,3089 Melvin Plaza,sjeynessk@bravesites.com
Charlene,McNiff,47 Rieder Way,cmcniffl@squarespace.com
Normy,Braywood,1 Aberg Point,nbraywoodm@ibm.com
Teodora,Lowseley,86 Tennessee Junction,tlowseleyn@etsy.com
Corrinne,Scatcher,46911 Northwestern Alley,cscatchero@4shared.com
Sissy,Eadie,301 6th Place,seadiep@mac.com
Helenka,Coldicott,3812 Lindbergh Crossing,hcoldicottq@walmart.com
Lorry,Maskew,73 Debs Street,lmaskewr@unicef.org
Alla,Icke,12000 Stone Corner Trail,aickes@reference.com
Susannah,Bowsher,9277 Esch Street,sbowshert@mapquest.com
Marris,Readie,8 Farragut Alley,mreadieu@yolasite.com
Jaymee,Mullard,54972 Shasta Circle,jmullardv@icq.com
Valerye,Malkinson,491 Armistice Road,vmalkinsonw@nasa.gov
Juana,Jerosch,11 Ridgeway Road,jjeroschx@harvard.edu
Noland,Childes,44213 Morning Terrace,nchildesy@ow.ly
Demeter,Polye,49905 Jenifer Place,dpolyez@boston.com
Stirling,Crossingham,8 Graedel Pass,scrossingham10@businessweek.com
Nichol,Leaf,942 Arrowood Crossing,nleaf11@bravesites.com
Gael,Pierson,05 Anhalt Alley,gpierson12@csmonitor.com
Wendie,Kmieciak,83 Jay Pass,wkmieciak13@cnbc.com
Ulric,McSporon,96 New Castle Road,umcsporon14@elegantthemes.com
Penny,Birtles,1 7th Terrace,pbirtles15@weather.com
Noelyn,Lennard,628 Nancy Center,nlennard16@clickbank.net
Neille,Seaborn,5283 Sullivan Place,nseaborn17@answers.com
Merv,McBratney,3 Vidon Trail,mmcbratney18@blog.com
Kiley,Yurmanovev,3908 Nelson Trail,kyurmanovev19@reference.com
Marin,Swanton,1788 Maywood Crossing,mswanton1a@tripod.com
Buckie,Barthelme,6 International Way,bbarthelme1b@ft.com
Christyna,Devonport,0413 Lake View Pass,cdevonport1c@mail.ru
Christal,Catt,402 Oxford Way,ccatt1d@sfgate.com
Freddie,Morman,42 Division Terrace,fmorman1e@paginegialle.it
Markos,Cansdale,855 Derek Lane,mcansdale1f@sfgate.com
Tanhya,Dugan,0 Commercial Street,tdugan1g@free.fr
Sherline,Ferentz,15807 Comanche Parkway,sferentz1h@wix.com
Milissent,Craddy,7 Fremont Hill,mcraddy1i@instagram.com
Maryrose,Baughen,1531 Grover Trail,mbaughen1j@webeden.co.uk
Malina,Garmons,225 Ramsey Point,mgarmons1k@statcounter.com
Malina,Heddan,3885 Hanson Hill,mheddan1l@nationalgeographic.com
Urban,Castro,7 Moland Pass,ucastro1m@apple.com
Janina,Farrell,7 Columbus Road,jfarrell1n@icq.com
Lorelle,Uttley,485 Chive Center,luttley1o@sitemeter.com
Tildi,Higginbottam,57 Del Mar Pass,thigginbottam1p@feedburner.com
Tybi,Villa,9422 Crest Line Court,tvilla1q@hhs.gov
Dannie,Delgado,6 Charing Cross Place,ddelgado1r@fda.gov
Angelica,Clayal,52 Bunker Hill Point,aclayal1s@scribd.com
Ediva,Boxall,03 Petterle Place,eboxall1t@narod.ru
Gabbie,Ker,77 Everett Street,gker1u@netscape.com
Suzette,Biggerdike,9 Dennis Trail,sbiggerdike1v@trellian.com
Gian,Drewell,6 Birchwood Drive,gdrewell1w@1688.com
Robby,Grishagin,316 Parkside Avenue,rgrishagin1x@exblog.jp
Ashlan,Norcott,092 Pankratz Avenue,anorcott1y@nature.com
Dannel,Kamienski,602 Corscot Center,dkamienski1z@rambler.ru
Briana,Dawidowitsch,9833 Debs Park,bdawidowitsch20@nbcnews.com
Jermaine,Delph,74301 Saint Paul Court,jdelph21@epa.gov
Sebastien,Gouldstone,6646 Marquette Crossing,sgouldstone22@theguardian.com
Bald,Aurelius,8758 Namekagon Point,baurelius23@ucoz.com
Lindsey,Abrey,903 Hanover Court,labrey24@msu.edu
Laryssa,Galbraeth,7 Kropf Plaza,lgalbraeth25@wiley.com
Dell,Meyer,657 Jackson Hill,dmeyer26@nih.gov
Denny,Joannet,75 Dryden Road,djoannet27@qq.com
Charlot,Dary,2 Claremont Alley,cdary28@squarespace.com
Damian,Karlsson,437 Menomonie Lane,dkarlsson29@patch.com
Shandy,Quantick,07528 Pennsylvania Avenue,squantick2a@myspace.com
Pauly,Coffee,88395 Hoepker Center,pcoffee2b@barnesandnoble.com
Veradis,Horley,855 Calypso Center,vhorley2c@marriott.com
Mellie,Di Dello,06 Huxley Avenue,mdidello2d@admin.ch
Holt,Beebis,6 Colorado Point,hbeebis2e@ebay.com
Emmy,Cawston,94 Arkansas Junction,ecawston2f@newsvine.com
Fernanda,Compford,51543 Parkside Way,fcompford2g@squarespace.com
Eugenia,Mallan,35 Vidon Way,emallan2h@sina.com.cn
Ansel,Rickeard,43105 Claremont Avenue,arickeard2i@eventbrite.com
Mari,Pattullo,549 Raven Point,mpattullo2j@myspace.com
Fabe,Don,66723 Village Parkway,fdon2k@sakura.ne.jp
Kore,Cracie,62390 Morningstar Avenue,kcracie2l@mac.com
Ania,Mea,4 Logan Trail,amea2m@shareasale.com
Juliana,Sizey,216 Chinook Center,jsizey2n@nhs.uk
Michaeline,Acott,3907 Pine View Plaza,macott2o@tiny.cc
Dayle,Callis,7456 North Street,dcallis2p@360.cn
Judy,Attarge,80 Homewood Terrace,jattarge2q@nsw.gov.au
Tabatha,Berriman,61515 Nancy Junction,tberriman2r@addthis.com
Elisha,Madrell,49 Crescent Oaks Place,emadrell2s@home.pl
Tades,Grinaway,1 Orin Drive,tgrinaway2t@cdbaby.com
Olivie,Garken,27985 Grover Plaza,ogarken2u@rediff.com
Keene,MacDonald,86 Bobwhite Junction,kmacdonald2v@plala.or.jp
Zsa zsa,Sijmons,0906 Mayer Way,zsijmons2w@state.gov
Amberly,Marians,9 Novick Terrace,amarians2x@stanford.edu
Reyna,Fluger,17192 Village Trail,rfluger2y@ftc.gov
Star,Hymas,0 Grover Crossing,shymas2z@ucoz.ru
Jamima,Dearlove,17 Park Meadow Park,jdearlove30@blog.com
Brander,Aleksankov,524 Columbus Pass,baleksankov31@bandcamp.com
James,Bruhnicke,214 Goodland Court,jbruhnicke32@shutterfly.com
Nickie,Vaudin,687 Sauthoff Court,nvaudin33@drupal.org
Marie-ann,Binny,4057 Atwood Street,mbinny34@seesaa.net
Marquita,Vassie,359 Lakeland Street,mvassie35@digg.com
Fulvia,Robken,688 Killdeer Court,frobken36@e-recht24.de
Tobias,Tregale,23053 Talisman Street,ttregale37@merriam-webster.com
Edna,Frizell,0 Trailsway Alley,efrizell38@dedecms.com
Becki,Joskowitz,55 Mifflin Junction,bjoskowitz39@scribd.com
Josias,Lurriman,7921 Sherman Place,jlurriman3a@state.gov
Innis,Hands,2 Valley Edge Park,ihands3b@umich.edu
Monro,Tissell,4 Warrior Street,mtissell3c@clickbank.net
Asher,Giraldon,0714 Darwin Way,agiraldon3d@wisc.edu
Claire,Shepley,644 Oxford Street,cshepley3e@geocities.jp
Morgun,Sapwell,4720 Lunder Center,msapwell3f@va.gov
Milt,Louis,729 Sage Crossing,mlouis3g@ed.gov
Ellynn,Blunsen,01 Riverside Park,eblunsen3h@whitehouse.gov
Sawyer,Smullin,45796 Oak Valley Road,ssmullin3i@hexun.com
Roger,Peaurt,43739 Blackbird Alley,rpeaurt3j@rambler.ru
Cesare,Davana,2480 Barby Park,cdavana3k@lycos.com
Merrili,Boat,19744 Hoffman Pass,mboat3l@prweb.com
Fanya,Kivlehan,84962 Ridgeway Center,fkivlehan3m@businessweek.com
Ursala,Fattore,08 Thompson Avenue,ufattore3n@cam.ac.uk
Moyna,Bacher,10 Briar Crest Court,mbacher3o@dot.gov
Letizia,Savage,7 Grim Trail,lsavage3p@biglobe.ne.jp
Caron,Winridge,5395 Erie Terrace,cwinridge3q@squarespace.com
Cleavland,Pickin,728 Helena Trail,cpickin3r@gravatar.com
Evelina,Lovelace,77 Daystar Trail,elovelace3s@businessinsider.com
Skell,Benford,75208 Crowley Alley,sbenford3t@europa.eu
Elinor,Maxwaile,96439 Stone Corner Hill,emaxwaile3u@digg.com
Gothart,Deeble,56 Knutson Plaza,gdeeble3v@mapy.cz
Jan,Riddall,17 Hoard Crossing,jriddall3w@cmu.edu
Clair,Jorioz,1011 Grayhawk Center,cjorioz3x@auda.org.au
Karly,Samms,90 Mcguire Lane,ksamms3y@webmd.com
Frannie,Ritmeyer,4859 Grayhawk Parkway,fritmeyer3z@ibm.com
Jana,Moult,74163 Petterle Pass,jmoult40@mapy.cz
Eliza,Worsalls,57 Grasskamp Circle,eworsalls41@geocities.jp
Heloise,Dalmon,3404 Fallview Court,hdalmon42@forbes.com
Delphinia,Fardell,705 Talmadge Lane,dfardell43@mit.edu
Kahaleel,Hallawell,2571 Arizona Junction,khallawell44@ameblo.jp
Feliza,Guerro,2 East Park,fguerro45@umn.edu
Jade,Haking,72 Anniversary Terrace,jhaking46@constantcontact.com
Napoleon,Alberts,350 Grover Pass,nalberts47@scientificamerican.com
Kennett,Dono,55535 Sunbrook Court,kdono48@pinterest.com
Arly,Klaiser,04 Roth Place,aklaiser49@parallels.com
Niki,Hickford,60 Raven Center,nhickford4a@t.co
Winnie,Monteith,8281 Clyde Gallagher Avenue,wmonteith4b@biblegateway.com
Doti,Martinetto,79 Dakota Crossing,dmartinetto4c@mit.edu
Ladonna,Dunstall,3 Northland Road,ldunstall4d@ycombinator.com
Eustace,Trammel,93 Clove Way,etrammel4e@home.pl
Torey,Chittenden,887 Cottonwood Parkway,tchittenden4f@linkedin.com
Dav,Madle,0556 Lyons Terrace,dmadle4g@uol.com.br
Kimbra,Seaward,035 Novick Avenue,kseaward4h@posterous.com
Upton,MacKimmie,5750 Veith Lane,umackimmie4i@4shared.com
Raffarty,Hamman,89 Thackeray Pass,rhamman4j@moonfruit.com
Chase,Paoloni,55458 Brentwood Drive,cpaoloni4k@ycombinator.com
Madlin,Aickin,9 Jenna Trail,maickin4l@ow.ly
Alissa,Beert,85759 Westend Hill,abeert4m@ustream.tv
Angil,McCurry,78 Park Meadow Lane,amccurry4n@google.cn
Bartram,Riggeard,1453 Colorado Way,briggeard4o@so-net.ne.jp
Deloris,Wenn,385 Fordem Terrace,dwenn4p@dailymotion.com
Flore,Trangmar,6 Shopko Trail,ftrangmar4q@google.de
Hamil,Bellow,762 6th Terrace,hbellow4r@hatena.ne.jp
Guido,Moorhead,32218 Stoughton Crossing,gmoorhead4s@sourceforge.net
Morry,Strutton,21 Petterle Parkway,mstrutton4t@desdev.cn
Bartram,Crake,4 Warner Parkway,bcrake4u@comsenz.com
Rockey,Shorrock,85 Stephen Park,rshorrock4v@pbs.org
Garrik,De Brett,87 La Follette Pass,gdebrett4w@npr.org
Elbertine,Cassell,230 Old Gate Place,ecassell4x@google.pl
Tybalt,Prebble,41282 Oxford Way,tprebble4y@networkadvertising.org
Chic,Knowlson,45592 Cambridge Pass,cknowlson4z@pinterest.com
Leonanie,Delhay,4510 Dexter Center,ldelhay50@networkadvertising.org
Moore,Maruszewski,7573 Bartillon Court,mmaruszewski51@independent.co.uk
Cobby,Meader,3856 Lukken Hill,cmeader52@nytimes.com
Hannie,Fossick,7 Dorton Plaza,hfossick53@jalbum.net
Berti,Albury,1319 Superior Drive,balbury54@people.com.cn
Hatty,O'Fallon,319 Crescent Oaks Street,hofallon55@bravesites.com
Margo,Sesons,93758 Lindbergh Circle,msesons56@gmpg.org
Lynnett,Guilleton,6 Summit Junction,lguilleton57@google.com.hk
Kellen,Petrillo,4887 Roth Lane,kpetrillo58@symantec.com
Daphne,Cappineer,12693 Autumn Leaf Pass,dcappineer59@ucoz.ru
Jed,Heis,08 Oakridge Point,jheis5a@odnoklassniki.ru
Culley,Scragg,3861 Logan Way,cscragg5b@facebook.com
Lief,Willerton,41 Petterle Pass,lwillerton5c@meetup.com
Fleurette,Cropper,30154 Clyde Gallagher Place,fcropper5d@lycos.com
Sherry,Godson,175 Rigney Road,sgodson5e@redcross.org
Guss,Wedlake,7 Talmadge Center,gwedlake5f@auda.org.au
Thadeus,Lockwood,77018 Riverside Pass,tlockwood5g@nytimes.com
Idelle,Momery,89703 Hagan Park,imomery5h@domainmarket.com
Gertrudis,Wells,5 Quincy Hill,gwells5i@amazonaws.com
Crissy,McEvilly,26 Ridge Oak Terrace,cmcevilly5j@springer.com
Jaimie,Barritt,88521 Huxley Place,jbarritt5k@jimdo.com
Cherie,Cosgrave,3 Prairieview Avenue,ccosgrave5l@mapquest.com
Fancy,Spyvye,54994 Fieldstone Terrace,fspyvye5m@mapquest.com
Bill,Sproul,929 Hayes Terrace,bsproul5n@mac.com
Hanson,Ivakhno,668 Division Circle,hivakhno5o@dailymotion.com
Charlton,Rogister,4625 Shelley Center,crogister5p@storify.com
Elladine,Neeves,613 Sloan Pass,eneeves5q@meetup.com
Grethel,Moland,5 Dahle Circle,gmoland5r@dot.gov
Samson,Klimmek,19561 Summer Ridge Circle,sklimmek5s@rambler.ru
Rees,Etherington,0390 Mosinee Point,retherington5t@domainmarket.com
Olivia,Denkel,8 Cottonwood Parkway,odenkel5u@smh.com.au
Liv,Broy,78 Graedel Lane,lbroy5v@imageshack.us
Saundra,Cawdron,84241 Summit Way,scawdron5w@cafepress.com
Yehudit,Craigmyle,87 Ilene Terrace,ycraigmyle5x@prlog.org
Fern,Demare,4665 Rutledge Court,fdemare5y@topsy.com
Meriel,Kalkofen,2608 Clarendon Point,mkalkofen5z@sina.com.cn
Melvin,Holdforth,081 Nancy Drive,mholdforth60@prlog.org
Luci,Josefowicz,4 Porter Junction,ljosefowicz61@ihg.com
Aubrie,Denziloe,8993 Summer Ridge Court,adenziloe62@cdbaby.com
Ban,McMurdo,34 5th Trail,bmcmurdo63@hexun.com
Pyotr,Petters,6 Monica Parkway,ppetters64@ycombinator.com
Yolane,Rizzardi,45049 Fair Oaks Drive,yrizzardi65@salon.com
Thaine,Joutapaitis,40492 Northwestern Hill,tjoutapaitis66@yolasite.com
Jordain,Vassano,98166 Vidon Street,jvassano67@theguardian.com
Orin,Philott,15991 Sommers Trail,ophilott68@businesswire.com
Marje,Kidd,478 Meadow Ridge Drive,mkidd69@bbc.co.uk
Enoch,Buchan,2752 Blue Bill Park Road,ebuchan6a@intel.com
Luci,Seif,4 Riverside Trail,lseif6b@youtu.be
Whittaker,Filchagin,0 Ramsey Pass,wfilchagin6c@alibaba.com
Chandal,Petrelluzzi,253 Grasskamp Street,cpetrelluzzi6d@deliciousdays.com
Jeannie,Michelle,61 Maple Wood Circle,jmichelle6e@hugedomains.com
Lyndel,Causnett,1298 Erie Hill,lcausnett6f@usa.gov
Terri,Stamps,920 Lakeland Parkway,tstamps6g@wufoo.com
Rafi,Chatfield,7 Vermont Parkway,rchatfield6h@ed.gov
Albertine,Prangley,273 Dakota Parkway,aprangley6i@seattletimes.com
Clement,Poone,9156 Commercial Terrace,cpoone6j@baidu.com
Bab,Partleton,00 Talmadge Center,bpartleton6k@nsw.gov.au
Daron,Allsep,91645 Darwin Street,dallsep6l@g.co
Siana,Skillington,5103 Ruskin Place,sskillington6m@who.int
Yvor,Kembley,32 Eagle Crest Street,ykembley6n@youtu.be
Giralda,Tullis,8013 Gale Park,gtullis6o@bluehost.com
Chas,Freezor,5 Northview Pass,cfreezor6p@gnu.org
Clem,Picot,2565 East Crossing,cpicot6q@cdbaby.com
Bondy,Kees,6 Killdeer Point,bkees6r@sina.com.cn
Liza,Aberkirder,599 Oriole Circle,laberkirder6s@icio.us
Stevy,Fahrenbach,40660 Bonner Way,sfahrenbach6t@flickr.com
Josselyn,Dimitrijevic,9308 Morningstar Crossing,jdimitrijevic6u@usatoday.com
Rutledge,O'Heffernan,50 Mesta Road,roheffernan6v@wordpress.org
Kizzee,Sturrock,429 Buena Vista Center,ksturrock6w@cafepress.com
Erika,Reames,94208 Eagan Point,ereames6x@eepurl.com
Aprilette,Roelofsen,5 Annamark Drive,aroelofsen6y@soup.io
Etti,Endon,76 Loomis Place,eendon6z@163.com
Jenica,Maass,94137 Pawling Center,jmaass70@businessinsider.com
Blancha,Bagley,21941 Shopko Street,bbagley71@indiatimes.com
Susi,Zealey,6 Sloan Parkway,szealey72@microsoft.com
Gardie,Carpenter,18986 Brown Point,gcarpenter73@sogou.com
Luci,Szwandt,49 Dixon Park,lszwandt74@cloudflare.com
Stillmann,Traut,323 Melby Avenue,straut75@google.co.jp
Jamey,Vernalls,65663 Loftsgordon Place,jvernalls76@elpais.com
Ty,Eckford,8907 Clove Avenue,teckford77@ocn.ne.jp
Ralina,Gilkes,8121 Hazelcrest Terrace,rgilkes78@samsung.com
Tomasine,Amar,42578 Artisan Alley,tamar79@4shared.com
Reena,Matussevich,89 Debra Point,rmatussevich7a@unesco.org
Mac,Carnaman,9 Clyde Gallagher Road,mcarnaman7b@free.fr
Perl,Ertelt,36023 Kinsman Court,pertelt7c@imgur.com
Jordan,Jenne,93787 Walton Avenue,jjenne7d@adobe.com
Sheena,Licciardi,70450 Sachtjen Drive,slicciardi7e@time.com
Dannel,Clew,496 Lien Road,dclew7f@cnet.com
Karna,Philipsson,4773 Atwood Terrace,kphilipsson7g@stanford.edu
Neely,Dodman,3857 High Crossing Lane,ndodman7h@nymag.com
Georgy,Haestier,1 Basil Center,ghaestier7i@pagesperso-orange.fr
Britt,Woodyer,2 Basil Alley,bwoodyer7j@i2i.jp
Petunia,Guiett,01856 Graceland Parkway,pguiett7k@ycombinator.com
Betteanne,Durrett,2694 Laurel Road,bdurrett7l@comsenz.com
Arline,Hicks,8564 Colorado Crossing,ahicks7m@addthis.com
Leelah,Spellar,25 Karstens Plaza,lspellar7n@soup.io
Berny,Lavery,6 Katie Avenue,blavery7o@naver.com
Clarine,Lafont,9 Loeprich Junction,clafont7p@msu.edu
Casi,Newlove,7 Homewood Court,cnewlove7q@statcounter.com
Emyle,Dolohunty,31869 Scofield Place,edolohunty7r@scribd.com
Avrit,Boutellier,69155 Oak Alley,aboutellier7s@sohu.com
Ferdinande,Spiteri,0795 Di Loreto Center,fspiteri7t@hc360.com
Rora,Gibling,8 Butternut Court,rgibling7u@microsoft.com
Bern,Anersen,97667 Lighthouse Bay Court,banersen7v@reference.com
Grier,Larking,837 Sugar Place,glarking7w@statcounter.com
Bell,Pay,50293 Jackson Drive,bpay7x@jalbum.net
Amata,Penella,3 Armistice Point,apenella7y@independent.co.uk
Lem,Duthie,17 Sundown Hill,lduthie7z@bing.com
Jessika,Hatherill,614 Fieldstone Park,jhatherill80@reference.com
Kerrie,Littlefair,09 Hazelcrest Point,klittlefair81@oracle.com
Hermione,Duker,09 Sunnyside Parkway,hduker82@hp.com
Genia,Emburey,1960 Dennis Terrace,gemburey83@istockphoto.com
Ertha,Eckley,040 Hoffman Junction,eeckley84@liveinternet.ru
Smitty,Hayle,4 Superior Trail,shayle85@acquirethisname.com
Lawrence,Broad,85026 Drewry Terrace,lbroad86@goo.gl
Witty,Kighly,27 Gulseth Drive,wkighly87@stanford.edu
Cale,Jakoubek,3 Raven Terrace,cjakoubek88@omniture.com
Isaac,Allcott,780 Milwaukee Lane,iallcott89@github.com
Alameda,MacAlpine,6 Transport Junction,amacalpine8a@hatena.ne.jp
Valentijn,Rupp,1069 Atwood Avenue,vrupp8b@microsoft.com
